"id","prompt_id","type","image","name","title","review"
"1","1","text","m1","Sarah Johnson","Content Creator","Using this platform has been a game-changer for our team! As a content creator, I've struggled with writer's block, but with the diverse range of prompts offered here, I've seen a significant improvement in my productivity and creativity. Highly recommended!"
"2","1","text","m2","Michael Lee","Data Scientist","PromptSnack.net has revolutionized the way I approach AI applications in my research. As a data scientist, I often need to generate text for various projects, and PromptSnack's extensive library of prompts has greatly enhanced the quality and efficiency of my work. It's a must-have tool for anyone working with AI"
"3","1","text","m3","Emily Parker","Marketing Specialist","I've been using this platform for a few weeks now, and I'm amazed by the results. As a marketer, I need to craft engaging copy quickly, and the prompts here have helped me achieve just that. My conversion rates have soared since integrating this platform into my workflow. Thank you!"
"4","1","text","m4","Javier Rodriguez","ESL Student","PromptSnack.net has exceeded my expectations! As a language learner, I've struggled to find engaging ways to practice writing in English. However, with PromptSnack's user-friendly interface and diverse range of prompts, I've seen a significant improvement in my writing skills. It's fun, interactive, and incredibly effective!"
"5","1","text","m5","Amanda Smith","English Teacher","This platform is a game-changer for educators like myself. As a teacher, I'm always looking for innovative ways to engage my students and enhance their learning experience. The prompts here have sparked creativity in my classroom like never before. My students are more motivated and confident in their writing abilities, thanks to this fantastic platform!"
"6","1","text","m6","Kimberly Thompson","Marketing Manager","PromptSnack.net has significantly optimized our marketing workflow. With its vast array of prompts, we've reduced content creation time by 30%, allowing us to focus more on strategic planning and campaign execution"
"7","1","text","n1","Elizabeth White","Marketing Analyst","Since integrating PromptSnack into our marketing strategy, we've observed a remarkable improvement in content quality. Our engagement metrics have increased by 25%, indicating a higher level of audience resonance and connection."
"8","1","text","m7","Ashley Williams","Digital Marketer","PromptSnack.net has empowered our team to handle larger workloads efficiently. With its streamlined interface and actionable prompts, we've seen a 40% increase in our content output, enabling us to meet tight deadlines without sacrificing quality"
"9","1","text","m8","Kevin Scott","Content Strategist","As a content strategist, I value platforms that offer scalability and growth opportunities. PromptSnack has exceeded my expectations by providing a diverse range of prompts, allowing us to cater to various audience segments effectively. Our content volume has doubled, leading to a broader reach and increased brand visibility."
"10","1","text","m9","Michelle Harris","Social Media Manager","PromptSnack.net has transformed our social media marketing efforts by enabling us to produce high-quality content consistently. With its innovative prompts, we've experienced a 20% growth in follower engagement and a noticeable boost in brand affinity among our target audience."
"11","1","text","m10","Stephanie Lee","CEO","PromptSnack's prompts have been instrumental in shaping our marketing strategies. They provide invaluable insights and inspiration, saving us hours of brainstorming and enabling us to focus on execution. A must-have for startup founders"
"12","1","text","m11","Nicole Wright","CTO","As a tech startup founder, time is of the essence. PromptSnack's prompts have helped us refine our product development roadmap efficiently. By leveraging these prompts, we've accelerated our time-to-market and optimized resource allocation, leading to significant cost savings"
"13","1","text","n2","Madison Taylor","COO","PromptSnack's prompts have transformed the way we approach market research. They offer diverse perspectives and actionable ideas, allowing us to devise targeted marketing campaigns that resonate with our audience. Our customer acquisition costs have decreased by 15% since implementing these prompts"
"14","1","text","m13","Alex Johnson","Founder","Using PromptSnack's prompts has been a game-changer for our startup. They've enabled us to develop comprehensive marketing plans quickly and effectively. By leveraging these prompts, we've seen a 40% increase in customer engagement and a notable boost in brand awareness"
"15","1","text","m14","Samantha Evans","Co-founder","PromptSnack's prompts have empowered us to make data-driven decisions in our marketing strategies. They provide valuable insights into consumer behavior and market trends, allowing us to iterate on our campaigns effectively. Our ROI has improved by 30% since incorporating these prompts into our workflow."
"16","1","text","n3","Sophia Garcia","Startup Owner","PromptSnack's prompts have revolutionized our approach to content creation. They offer a wealth of ideas and suggestions, helping us produce compelling marketing materials in record time. Thanks to these prompts, we've doubled our content output while reducing production costs by 20%."
"17","1","text","m15","Kevin Patel","Entrepreneur","PromptSnack's prompts have been a lifesaver for our startup. They've helped us develop clear and actionable growth strategies, enabling us to scale our business rapidly. By leveraging these prompts, we've saved countless hours and resources that would have otherwise been spent on trial and error."
"18","1","text","m16","Jessica Lee","Startup CEO","PromptSnack's prompts have streamlined our marketing efforts and improved our overall efficiency. They provide actionable insights that have helped us fine-tune our messaging and target the right audience effectively. With PromptSnack, we've optimized our marketing budget and achieved a higher ROI"
"19","1","text","m17","Ryan Mitchell","Founder & CEO","PromptSnack's prompts have been instrumental in guiding our marketing initiatives. They offer practical suggestions and creative ideas that have helped us stand out in a competitive market. By leveraging these prompts, we've managed to exceed our growth targets while staying within budget"
"20","1","text","n4","Michelle Wong","Startup Founder","PromptSnack's prompts have empowered us to iterate on our product development roadmap efficiently. They provide valuable feedback and suggestions that have enabled us to prioritize features and enhancements effectively. Thanks to these prompts, we've accelerated our product iteration cycles and enhanced user satisfaction"
"21","1","text","m18","Mark Thompson","Sales Manager","PromptSnack's prompts have revolutionized our B2B sales approach. They provide valuable insights into customer pain points and objections, enabling us to tailor our pitch effectively. Since incorporating these prompts into our sales process, we've seen a 25% increase in conversion rates and a significant improvement in customer satisfaction."
"22","1","text","n5","Jennifer Rodriguez","Account Executive","As a B2B sales professional, time is of the essence. PromptSnack's prompts have helped me streamline my outreach efforts and engage prospects more effectively. By leveraging these prompts, I've seen a 30% improvement in response rates and a notable increase in qualified leads. A game-changer for any sales team"
"23","1","text","n8","Eric Brittany","Sales Director","PromptSnack's prompts have been invaluable in guiding our B2B sales strategy. They provide actionable talking points and value propositions that resonate with our target audience. Thanks to these prompts, we've closed several high-value deals and strengthened our client relationships significantly"
"24","1","text","n6","Tyler Garcia","Sales Consultant","PromptSnack's prompts have transformed the way we approach B2B sales presentations. They offer compelling storytelling frameworks and persuasive arguments that captivate our prospects' attention. By incorporating these prompts into our pitch decks, we've seen a 20% increase in pitch success rates and a noticeable improvement in deal closure times"
"25","1","text","n7","Megan Cooper","Business Development Manager","PromptSnack's prompts have empowered our B2B sales team to effectively address customer objections and concerns. They provide tailored responses and rebuttals that instill confidence in our prospects. Since implementing these prompts, we've experienced a 35% reduction in sales cycle length and a significant uptick in deal win rates."
